-- MySQL dump 10.13  Distrib 5.5.52, for debian-linux-gnu (x86_64)
--
-- Host: localhost    Database: questionnaires
-- ------------------------------------------------------
-- Server version	5.5.52-0ubuntu0.14.04.1

/*!40101 SET @OLD_CHARACTER_SET_CLIENT=@@CHARACTER_SET_CLIENT */;
/*!40101 SET @OLD_CHARACTER_SET_RESULTS=@@CHARACTER_SET_RESULTS */;
/*!40101 SET @OLD_COLLATION_CONNECTION=@@COLLATION_CONNECTION */;
/*!40101 SET NAMES utf8 */;
/*!40103 SET @OLD_TIME_ZONE=@@TIME_ZONE */;
/*!40103 SET TIME_ZONE='+00:00' */;
/*!40014 SET @OLD_UNIQUE_CHECKS=@@UNIQUE_CHECKS, UNIQUE_CHECKS=0 */;
/*!40014 SET @OLD_FOREIGN_KEY_CHECKS=@@FOREIGN_KEY_CHECKS, FOREIGN_KEY_CHECKS=0 */;
/*!40101 SET @OLD_SQL_MODE=@@SQL_MODE, SQL_MODE='NO_AUTO_VALUE_ON_ZERO' */;
/*!40111 SET @OLD_SQL_NOTES=@@SQL_NOTES, SQL_NOTES=0 */;

--
-- Table structure for table `admin_user`
--

DROP TABLE IF EXISTS `admin_user`;
/*!40101 SET @saved_cs_client     = @@character_set_client */;
/*!40101 SET character_set_client = utf8 */;
CREATE TABLE `admin_user` (
  `id` int(11) NOT NULL AUTO_INCREMENT,
  `username` varchar(255) NOT NULL,
  `password` varchar(255) NOT NULL,
  PRIMARY KEY (`id`)
) ENGINE=InnoDB AUTO_INCREMENT=3 DEFAULT CHARSET=latin1;
/*!40101 SET character_set_client = @saved_cs_client */;

--
-- Dumping data for table `admin_user`
--

LOCK TABLES `admin_user` WRITE;
/*!40000 ALTER TABLE `admin_user` DISABLE KEYS */;
INSERT INTO `admin_user` VALUES (2,'admin','4321');
/*!40000 ALTER TABLE `admin_user` ENABLE KEYS */;
UNLOCK TABLES;

--
-- Table structure for table `contacts`
--

DROP TABLE IF EXISTS `contacts`;
/*!40101 SET @saved_cs_client     = @@character_set_client */;
/*!40101 SET character_set_client = utf8 */;
CREATE TABLE `contacts` (
  `id` int(11) NOT NULL AUTO_INCREMENT,
  `contact` varchar(20) NOT NULL,
  `group_id` int(30) NOT NULL,
  `inserted_at` timestamp NOT NULL DEFAULT CURRENT_TIMESTAMP,
  PRIMARY KEY (`id`),
  KEY `group_id` (`group_id`),
  CONSTRAINT `contacts_ibfk_1` FOREIGN KEY (`group_id`) REFERENCES `groups` (`id`) ON DELETE CASCADE
) ENGINE=InnoDB AUTO_INCREMENT=3 DEFAULT CHARSET=latin1;
/*!40101 SET character_set_client = @saved_cs_client */;

--
-- Dumping data for table `contacts`
--

LOCK TABLES `contacts` WRITE;
/*!40000 ALTER TABLE `contacts` DISABLE KEYS */;
INSERT INTO `contacts` VALUES (1,'254707630747',2,'2020-07-01 03:07:56'),(2,'254725293884',2,'2020-07-01 03:08:11');
/*!40000 ALTER TABLE `contacts` ENABLE KEYS */;
UNLOCK TABLES;

--
-- Table structure for table `groups`
--

DROP TABLE IF EXISTS `groups`;
/*!40101 SET @saved_cs_client     = @@character_set_client */;
/*!40101 SET character_set_client = utf8 */;
CREATE TABLE `groups` (
  `id` int(11) NOT NULL AUTO_INCREMENT,
  `survey_id` int(30) NOT NULL,
  `name` varchar(20) NOT NULL,
  `inserted_at` timestamp NOT NULL DEFAULT CURRENT_TIMESTAMP,
  PRIMARY KEY (`id`),
  KEY `survey_id` (`survey_id`),
  CONSTRAINT `groups_ibfk_1` FOREIGN KEY (`survey_id`) REFERENCES `surveys` (`id`) ON DELETE CASCADE
) ENGINE=InnoDB AUTO_INCREMENT=3 DEFAULT CHARSET=latin1;
/*!40101 SET character_set_client = @saved_cs_client */;

--
-- Dumping data for table `groups`
--

LOCK TABLES `groups` WRITE;
/*!40000 ALTER TABLE `groups` DISABLE KEYS */;
INSERT INTO `groups` VALUES (1,2,'Students','2020-07-01 03:07:14'),(2,2,'General Public','2020-07-01 03:07:33');
/*!40000 ALTER TABLE `groups` ENABLE KEYS */;
UNLOCK TABLES;

--
-- Table structure for table `options`
--

DROP TABLE IF EXISTS `options`;
/*!40101 SET @saved_cs_client     = @@character_set_client */;
/*!40101 SET character_set_client = utf8 */;
CREATE TABLE `options` (
  `id` int(11) NOT NULL AUTO_INCREMENT,
  `question_id` int(11) NOT NULL,
  `state` varchar(256) NOT NULL,
  `choice` varchar(256) NOT NULL,
  `label` varchar(256) NOT NULL,
  `pointer` int(11) NOT NULL,
  `created_at` timestamp NOT NULL DEFAULT CURRENT_TIMESTAMP,
  PRIMARY KEY (`id`),
  KEY `question_id` (`question_id`),
  CONSTRAINT `options_ibfk_1` FOREIGN KEY (`question_id`) REFERENCES `questions` (`id`) ON DELETE CASCADE
) ENGINE=InnoDB AUTO_INCREMENT=56 DEFAULT CHARSET=latin1;
/*!40101 SET character_set_client = @saved_cs_client */;

--
-- Dumping data for table `options`
--

LOCK TABLES `options` WRITE;
/*!40000 ALTER TABLE `options` DISABLE KEYS */;
INSERT INTO `options` VALUES (39,10,'transitional','Listened to radio','1',2,'2020-06-18 11:08:43'),(40,10,'transitional','Watched TV','2',3,'2020-06-18 11:09:16'),(41,10,'transitional','Read a newspaper','3',4,'2020-06-18 11:24:50'),(42,10,'transitional','Visited an online site.','4',6,'2020-06-18 11:25:20'),(43,13,'transitional','Daily Nation','1',5,'2020-06-18 11:48:29'),(44,13,'transitional','The Standard','2',5,'2020-06-18 11:49:08'),(45,14,'end','Headlines','1',5,'2020-06-18 11:50:03'),(46,14,'end','Columns','2',5,'2020-06-18 11:50:37'),(47,14,'end','Gossip','3',5,'2020-06-18 11:51:01'),(48,14,'end','Sports','4',5,'2020-06-18 11:51:51'),(49,15,'transitional','WhatsApp','1',7,'2020-06-18 12:01:37'),(50,15,'transitional','Facebook','2',7,'2020-06-18 12:02:08'),(51,15,'transitional','Twitter','3',7,'2020-06-18 12:02:44'),(52,16,'transitional','Less than 10 mins.','1',8,'2020-06-18 12:06:11'),(53,16,'end','10 - 30 mins.','2',7,'2020-06-18 12:06:39'),(54,16,'end','30 - 60 mins.','3',7,'2020-06-18 12:07:25'),(55,16,'end','More than 60 mins.','4',7,'2020-06-18 12:07:56');
/*!40000 ALTER TABLE `options` ENABLE KEYS */;
UNLOCK TABLES;

--
-- Table structure for table `questions`
--

DROP TABLE IF EXISTS `questions`;
/*!40101 SET @saved_cs_client     = @@character_set_client */;
/*!40101 SET character_set_client = utf8 */;
CREATE TABLE `questions` (
  `id` int(11) NOT NULL AUTO_INCREMENT,
  `survey_id` int(11) NOT NULL,
  `state` varchar(256) NOT NULL,
  `question_type` varchar(256) NOT NULL,
  `title` varchar(256) NOT NULL,
  `pointer` int(11) NOT NULL DEFAULT '1',
  `question_number` int(11) NOT NULL,
  `created_at` timestamp NOT NULL DEFAULT CURRENT_TIMESTAMP,
  PRIMARY KEY (`id`),
  KEY `survey_id` (`survey_id`),
  CONSTRAINT `questions_ibfk_1` FOREIGN KEY (`survey_id`) REFERENCES `surveys` (`id`) ON DELETE CASCADE
) ENGINE=InnoDB AUTO_INCREMENT=19 DEFAULT CHARSET=latin1;
/*!40101 SET character_set_client = @saved_cs_client */;

--
-- Dumping data for table `questions`
--

LOCK TABLES `questions` WRITE;
/*!40000 ALTER TABLE `questions` DISABLE KEYS */;
INSERT INTO `questions` VALUES (10,2,'transitional','closed','Which of these did you do',1,1,'2020-06-18 10:57:56'),(11,2,'end','open','Which radio station did you listen to?',2,2,'2020-06-18 11:19:17'),(12,2,'end','open','Which TV station did you watch?',4,3,'2020-06-18 11:31:09'),(13,2,'transitional','closed','Which Newspaper did you read?',4,4,'2020-06-18 11:32:18'),(14,2,'transitional','closed','Which section of the newspaper did you read?',5,5,'2020-06-18 11:33:16'),(15,2,'transitional','closed','Which online site did you visit?',6,6,'2020-06-18 11:34:08'),(16,2,'transitional','closed','How much time did you spend on the site?',8,7,'2020-06-18 11:34:46'),(17,2,'end','closed','how often do you visit?',8,9,'2020-06-19 12:23:52'),(18,2,'transitional','open','what is you favourite site',9,8,'2020-06-19 13:11:24');
/*!40000 ALTER TABLE `questions` ENABLE KEYS */;
UNLOCK TABLES;

--
-- Table structure for table `responses`
--

DROP TABLE IF EXISTS `responses`;
/*!40101 SET @saved_cs_client     = @@character_set_client */;
/*!40101 SET character_set_client = utf8 */;
CREATE TABLE `responses` (
  `id` int(11) NOT NULL AUTO_INCREMENT,
  `survey_id` int(30) NOT NULL,
  `msisdn` varchar(20) NOT NULL,
  `question_id` int(30) NOT NULL,
  `response` varchar(100) DEFAULT NULL,
  `session_id` int(10) DEFAULT NULL,
  `inserted_at` timestamp NOT NULL DEFAULT CURRENT_TIMESTAMP,
  PRIMARY KEY (`id`),
  KEY `survey_id` (`survey_id`),
  KEY `question_id` (`question_id`),
  KEY `fk_session_id` (`session_id`),
  CONSTRAINT `fk_session_id` FOREIGN KEY (`session_id`) REFERENCES `survey_sessions` (`id`),
  CONSTRAINT `responses_ibfk_1` FOREIGN KEY (`survey_id`) REFERENCES `surveys` (`id`) ON DELETE CASCADE,
  CONSTRAINT `responses_ibfk_2` FOREIGN KEY (`question_id`) REFERENCES `questions` (`id`) ON DELETE CASCADE
) ENGINE=InnoDB AUTO_INCREMENT=416 DEFAULT CHARSET=latin1;
/*!40101 SET character_set_client = @saved_cs_client */;

--
-- Dumping data for table `responses`
--

LOCK TABLES `responses` WRITE;
/*!40000 ALTER TABLE `responses` DISABLE KEYS */;
INSERT INTO `responses` VALUES (6,2,'254719318686',10,'breakfast show',1,'2020-07-01 03:46:03'),(13,2,'254719318686',10,'breakfast show',1,'2020-07-01 03:52:29'),(19,2,'254707630747',10,'Read a newspaper',1,'2020-07-01 04:03:10'),(20,2,'254707630747',13,'Daily Nation',1,'2020-07-01 04:03:18'),(21,2,'254707630747',14,'Columns',1,'2020-07-01 04:03:26'),(22,2,'254707630747',10,'Listened to radio',1,'2020-07-01 04:03:49'),(23,2,'254707630747',11,'CLASSIC 105',1,'2020-07-01 04:03:58'),(24,2,'254707630747',10,'Read a newspaper',1,'2020-07-01 07:26:02'),(25,2,'254707630747',13,'Daily Nation',1,'2020-07-01 07:26:14'),(26,2,'254707630747',14,'Sports',1,'2020-07-01 07:26:19'),(27,2,'254707630747',12,'CITIZEN RADIO',1,'2020-07-02 13:12:08'),(28,2,'254719318686',12,'CITIZEN RADIO',1,'2020-07-02 13:14:54'),(29,2,'254719318686',12,'KTN NEWS',1,'2020-07-02 13:18:10'),(31,2,'254707630747',15,'Twitter',1,'2020-07-02 13:21:01'),(32,2,'254707630747',16,'Less than 10 mins.',1,'2020-07-02 13:21:11'),(33,2,'254707630747',18,'TWITTER',1,'2020-07-02 13:21:22'),(34,2,'254707630747',17,'DAILY',1,'2020-07-02 13:21:27'),(35,2,'254700036657',10,'Watched TV',1,'2020-07-03 08:11:49'),(36,2,'254700036657',12,'WEST',1,'2020-07-03 08:12:12'),(37,2,'254757592739',10,'Visited an online si',1,'2020-07-03 13:16:31'),(38,2,'254757592739',15,'Facebook',1,'2020-07-03 13:16:42'),(39,2,'254757592739',16,'10 - 30 mins.',1,'2020-07-03 13:16:54'),(40,2,'254757592739',10,'Listened to radio',1,'2020-07-03 13:17:31'),(41,2,'254757592739',11,'RAMOGI FM',1,'2020-07-03 13:17:48'),(42,2,'254793799116',10,'Read a newspaper',1,'2020-07-04 08:52:19'),(43,2,'254793799116',13,'Daily Nation',1,'2020-07-04 08:52:28'),(44,2,'254793799116',14,'Gossip',1,'2020-07-04 08:52:43'),(45,2,'254718330860',10,'Listened to radio',1,'2020-07-04 09:28:12'),(46,2,'254718330860',11,'JAMBO',1,'2020-07-04 09:28:27'),(47,2,'254718330860',10,'Read a newspaper',1,'2020-07-04 09:28:57'),(48,2,'254718330860',13,'Daily Nation',1,'2020-07-04 09:29:06'),(49,2,'254718330860',14,'Headlines',1,'2020-07-04 09:29:18'),(50,2,'254757716910',10,'Watched TV',1,'2020-07-04 10:45:14'),(51,2,'254757716910',12,'NTV',1,'2020-07-04 10:45:26'),(52,2,'254757716910',10,'Read a newspaper',1,'2020-07-04 10:45:52'),(53,2,'254757716910',13,'Daily Nation',1,'2020-07-04 10:46:02'),(54,2,'254757716910',14,'Headlines',1,'2020-07-04 10:46:14'),(55,2,'254757716910',10,'Listened to radio',1,'2020-07-04 10:46:30'),(56,2,'254757716910',11,'ENERGY RADIO',1,'2020-07-04 10:46:47'),(57,2,'254111673841',10,'Watched TV',1,'2020-07-06 09:51:18'),(58,2,'254111673841',12,'MAMBO SWAHILI',1,'2020-07-06 09:51:41'),(59,2,'254111673841',10,'Read a newspaper',1,'2020-07-06 09:52:06'),(60,2,'254111673841',13,'Daily Nation',1,'2020-07-06 09:52:20'),(61,2,'254111673841',14,'Sports',1,'2020-07-06 09:52:31'),(62,2,'254759184734',10,'Visited an online si',1,'2020-07-06 10:18:07'),(63,2,'254759184734',15,'WhatsApp',1,'2020-07-06 10:18:17'),(64,2,'254759184734',16,'10 - 30 mins.',1,'2020-07-06 10:18:30'),(65,2,'254759184734',10,'Watched TV',1,'2020-07-06 10:18:50'),(66,2,'254759184734',12,'KTN',1,'2020-07-06 10:19:00'),(67,2,'254721881969',10,'Listened to radio',1,'2020-07-06 11:15:41'),(68,2,'254721881969',11,'KAMEME',1,'2020-07-06 11:15:51'),(69,2,'254721881969',10,'Watched TV',1,'2020-07-06 11:16:11'),(70,2,'254721881969',12,'NTV',1,'2020-07-06 11:16:18'),(71,2,'254707630747',10,'Listened to radio',1,'2020-07-06 12:16:36'),(72,2,'254707630747',11,'KISS FM',1,'2020-07-06 12:16:45'),(73,2,'254707630747',10,'Read a newspaper',1,'2020-07-06 12:16:54'),(74,2,'254707630747',13,'The Standard',1,'2020-07-06 12:16:59'),(75,2,'254707630747',14,'Sports',1,'2020-07-06 12:17:03'),(76,2,'254707630747',10,'Read a newspaper',1,'2020-07-06 12:48:52'),(77,2,'254725293884',10,'Listened to radio',1,'2020-07-06 15:19:31'),(78,2,'254725293884',10,'Watched TV',1,'2020-07-06 15:21:47'),(79,2,'254725293884',12,'CTN,KTN',1,'2020-07-06 15:21:58'),(80,2,'254725293884',10,'Listened to radio',1,'2020-07-06 15:22:20'),(81,2,'254725293884',11,'KAMEME',1,'2020-07-06 15:22:32'),(82,2,'254728830999',10,'Listened to radio',1,'2020-07-06 18:33:08'),(83,2,'254728830999',11,'MAISHA',1,'2020-07-06 18:33:32'),(84,2,'254725293884',10,'Listened to radio',1,'2020-07-07 06:55:16'),(85,2,'254725293884',11,'RAMOGI',1,'2020-07-07 06:55:28'),(86,2,'254725293884',10,'Watched TV',1,'2020-07-07 06:55:51'),(87,2,'254725293884',12,'NTV',1,'2020-07-07 06:56:00'),(88,2,'254725293884',10,'Visited an online si',1,'2020-07-07 06:56:35'),(89,2,'254725293884',15,'WhatsApp',1,'2020-07-07 06:56:46'),(90,2,'254725293884',16,'30 - 60 mins.',1,'2020-07-07 06:57:04'),(91,2,'254703134717',10,'Listened to radio',1,'2020-07-07 18:01:33'),(92,2,'254703134717',11,'KISS',1,'2020-07-07 18:01:46'),(93,2,'254745659504',10,'Listened to radio',1,'2020-07-08 09:07:54'),(94,2,'254745659504',11,'CITIZEN',1,'2020-07-08 09:08:21'),(95,2,'254745659504',10,'Visited an online si',1,'2020-07-08 09:08:52'),(96,2,'254745659504',15,'Facebook',1,'2020-07-08 09:09:12'),(97,2,'254745659504',16,'More than 60 mins.',1,'2020-07-08 09:09:46'),(98,2,'254791758753',10,'Listened to radio',1,'2020-07-08 10:40:50'),(99,2,'254791758753',11,'MILELE',1,'2020-07-08 10:41:02'),(100,2,'254791758753',10,'Listened to radio',1,'2020-07-08 10:41:31'),(101,2,'254725293884',10,'Listened to radio',1,'2020-07-08 11:09:26'),(102,2,'254725293884',11,'KBC',1,'2020-07-08 11:09:32'),(103,2,'254725293884',10,'Watched TV',1,'2020-07-08 11:09:46'),(104,2,'254725293884',12,'KTN',1,'2020-07-08 11:09:54'),(105,2,'254793645475',10,'Listened to radio',1,'2020-07-09 05:28:02'),(106,2,'254793645475',11,'CITIZEN',1,'2020-07-09 05:28:24'),(107,2,'254793645475',10,'Listened to radio',1,'2020-07-09 05:29:21'),(108,2,'254793645475',11,'CITIZEN.',1,'2020-07-09 05:29:34'),(109,2,'254793645475',10,'Visited an online si',1,'2020-07-09 05:30:01'),(110,2,'254793645475',15,'Facebook',1,'2020-07-09 05:30:16'),(111,2,'254793645475',16,'Less than 10 mins.',1,'2020-07-09 05:30:31'),(112,2,'254793645475',18,'FACEBOOK.',1,'2020-07-09 05:31:06'),(113,2,'254793645475',17,'ONCE PER MONTH.',1,'2020-07-09 05:31:37'),(114,2,'254793645475',10,'Read a newspaper',1,'2020-07-09 05:32:07'),(115,2,'254793645475',13,'Daily Nation',1,'2020-07-09 05:32:19'),(116,2,'254793645475',14,'Headlines',1,'2020-07-09 05:32:31'),(117,2,'254793645475',10,'Watched TV',1,'2020-07-09 05:32:54'),(118,2,'254793645475',12,'CITIZEN.',1,'2020-07-09 05:33:09'),(119,2,'254793645475',10,'Listened to radio',1,'2020-07-09 05:35:37'),(120,2,'254793645475',11,'KAMEME',1,'2020-07-09 05:35:47'),(121,2,'254793645475',10,'Watched TV',1,'2020-07-09 05:36:13'),(122,2,'254793645475',12,'CITIZEN',1,'2020-07-09 05:36:29'),(123,2,'254793645475',10,'Read a newspaper',1,'2020-07-09 05:36:54'),(124,2,'254723411943',10,'Listened to radio',1,'2020-07-10 00:46:54'),(125,2,'254723411943',11,'258',1,'2020-07-10 00:46:59'),(126,2,'254723411943',10,'Listened to radio',1,'2020-07-10 00:47:15'),(127,2,'254723411943',11,'MAISHA',1,'2020-07-10 00:47:22'),(128,2,'254723411943',10,'Watched TV',1,'2020-07-10 00:47:37'),(129,2,'254723411943',12,'66',1,'2020-07-10 00:47:44'),(130,2,'254714259899',10,'Listened to radio',1,'2020-07-10 07:43:18'),(131,2,'254714259899',11,'RAMOGI',1,'2020-07-10 07:43:38'),(132,2,'254720860883',10,'Listened to radio',1,'2020-07-10 09:51:27'),(133,2,'254707630747',10,'Listened to radio',3,'2020-07-13 06:29:12'),(134,2,'254707630747',11,'KISS 100',3,'2020-07-13 06:29:19'),(135,2,'254707630747',10,'Visited an online si',3,'2020-07-13 06:29:34'),(136,2,'254707630747',15,'WhatsApp',3,'2020-07-13 06:29:40'),(137,2,'254707630747',16,'10 - 30 mins.',3,'2020-07-13 06:29:47'),(138,2,'254707630747',10,'Visited an online si',5,'2020-07-13 06:52:33'),(139,2,'254707630747',15,'WhatsApp',5,'2020-07-13 06:52:38'),(140,2,'254707630747',16,'10 - 30 mins.',5,'2020-07-13 06:52:48'),(141,2,'254707630747',10,'Read a newspaper',7,'2020-07-13 07:20:51'),(142,2,'254707630747',13,'Daily Nation',7,'2020-07-13 07:20:54'),(143,2,'254707630747',14,'Headlines',7,'2020-07-13 07:20:58'),(144,2,'254707630747',10,'Visited an online si',7,'2020-07-13 07:21:08'),(145,2,'254707630747',15,'Twitter',7,'2020-07-13 07:21:12'),(146,2,'254707630747',16,'Less than 10 mins.',7,'2020-07-13 07:21:15'),(147,2,'254707630747',18,'TWITTER',7,'2020-07-13 07:21:25'),(148,2,'254707630747',17,'DAILY',7,'2020-07-13 07:21:31'),(149,2,'254719318686',10,'Listened to radio',7,'2020-07-13 07:21:56'),(150,2,'254719318686',11,'CAPITAL FM',7,'2020-07-13 07:22:09'),(151,2,'254719318686',10,'Visited an online si',7,'2020-07-13 07:22:25'),(152,2,'254719318686',15,'WhatsApp',7,'2020-07-13 07:22:27'),(153,2,'254719318686',16,'Less than 10 mins.',7,'2020-07-13 07:22:30'),(154,2,'254719318686',18,'TWITTER',7,'2020-07-13 07:22:36'),(155,2,'254719318686',17,'TWICE DAILY',7,'2020-07-13 07:22:44'),(156,2,'254707630747',10,'Listened to radio',14,'2020-07-13 11:47:38'),(157,2,'254707630747',11,'NRG',14,'2020-07-13 11:47:42'),(158,2,'254707630747',10,'Read a newspaper',14,'2020-07-13 11:47:53'),(159,2,'254707630747',13,'The Standard',14,'2020-07-13 11:47:58'),(160,2,'254707630747',14,'Columns',14,'2020-07-13 11:48:02'),(161,2,'254707630747',10,'Listened to radio',14,'2020-07-13 11:57:53'),(162,2,'254707630747',10,'Visited an online si',14,'2020-07-13 12:00:14'),(163,2,'254725293884',10,'Listened to radio',15,'2020-07-13 13:33:17'),(164,2,'254725293884',11,'2',15,'2020-07-13 13:33:21'),(165,2,'254725293884',10,'Watched TV',15,'2020-07-13 13:33:33'),(166,2,'254725293884',12,'KTN NEWS,CITIZEN',15,'2020-07-13 13:33:52'),(167,2,'254725293884',10,'Watched TV',15,'2020-07-13 13:34:11'),(168,2,'254707630747',10,'Listened to radio',17,'2020-07-14 09:09:14'),(169,2,'254707630747',11,'KISS 100',17,'2020-07-14 09:09:21'),(170,2,'254707630747',10,'Visited an online site.',17,'2020-07-14 09:09:31'),(171,2,'254707630747',15,'Twitter',17,'2020-07-14 09:09:35'),(172,2,'254707630747',16,'Less than 10 mins.',17,'2020-07-14 09:09:39'),(173,2,'254707630747',18,'TWITTER',17,'2020-07-14 09:09:44'),(174,2,'254707630747',17,'DAILY',17,'2020-07-14 09:09:51'),(175,2,'254725293884',10,'Listened to radio',21,'2020-07-16 19:21:35'),(176,2,'254725293884',11,'SKY',21,'2020-07-16 19:21:55'),(177,2,'254725293884',10,'Listened to radio',24,'2020-07-22 05:38:08'),(178,2,'254725293884',11,'RAMOGI',24,'2020-07-22 05:38:16'),(179,2,'254725293884',10,'Watched TV',24,'2020-07-22 05:38:33'),(180,2,'254725293884',12,'NTV',24,'2020-07-22 05:38:39'),(181,2,'254725293884',10,'Read a newspaper',24,'2020-07-22 05:38:52'),(182,2,'254725293884',13,'Daily Nation',24,'2020-07-22 05:39:02'),(183,2,'254725293884',14,'Sports',24,'2020-07-22 05:39:17'),(184,2,'254725293884',10,'Visited an online site.',24,'2020-07-22 05:39:30'),(185,2,'254725293884',15,'WhatsApp',24,'2020-07-22 05:39:37'),(186,2,'254725293884',16,'30 - 60 mins.',24,'2020-07-22 05:39:46'),(187,2,'254707630747',10,'Listened to radio',25,'2020-07-22 09:31:33'),(188,2,'254707630747',11,'CAPITAL FM',25,'2020-07-22 09:31:40'),(189,2,'254707630747',10,'Visited an online site.',25,'2020-07-22 09:31:48'),(190,2,'254707630747',15,'WhatsApp',25,'2020-07-22 09:31:51'),(191,2,'254707630747',16,'10 - 30 mins.',25,'2020-07-22 09:31:55'),(192,2,'254707630747',10,'Visited an online site.',29,'2020-07-24 09:43:39'),(193,2,'254707630747',15,'WhatsApp',29,'2020-07-24 09:43:43'),(194,2,'254707630747',16,'10 - 30 mins.',29,'2020-07-24 09:43:48'),(195,2,'254725293884',10,'Listened to radio',29,'2020-07-24 09:48:01'),(196,2,'254725293884',11,'RAMOGI',29,'2020-07-24 09:48:13'),(197,2,'254725293884',10,'Watched TV',29,'2020-07-24 09:48:27'),(198,2,'254725293884',12,'NTV',29,'2020-07-24 09:48:37'),(199,2,'254725293884',10,'Visited an online site.',29,'2020-07-24 09:48:48'),(200,2,'254725293884',15,'WhatsApp',29,'2020-07-24 09:48:55'),(201,2,'254725293884',16,'30 - 60 mins.',29,'2020-07-24 09:49:03'),(202,2,'254725293884',10,'Watched TV',29,'2020-07-24 12:39:55'),(203,2,'254725293884',12,'CITIZEN',29,'2020-07-24 12:40:04'),(204,2,'254725293884',10,'Watched TV',29,'2020-07-24 12:40:44'),(205,2,'254725293884',12,'NTV',29,'2020-07-24 12:40:59'),(206,2,'254725293884',10,'Listened to radio',37,'2020-07-28 12:20:55'),(207,2,'254725293884',11,'SAHARA',37,'2020-07-28 12:21:04'),(208,2,'254725293884',10,'Visited an online site.',37,'2020-07-28 12:21:22'),(209,2,'254725293884',10,'Watched TV',38,'2020-07-29 12:05:30'),(210,2,'254725293884',12,'NTV',38,'2020-07-29 12:05:36'),(211,2,'254725293884',10,'Watched TV',38,'2020-07-29 12:05:53'),(212,2,'254725293884',12,'TV',38,'2020-07-29 12:06:05'),(213,2,'254725293884',10,'Listened to radio',38,'2020-07-29 12:06:16'),(214,2,'254725293884',11,'SAHARA',38,'2020-07-29 12:06:23'),(215,2,'254725293884',10,'Listened to radio',38,'2020-07-30 11:20:23'),(216,2,'254725293884',10,'Listened to radio',38,'2020-07-30 11:20:44'),(217,2,'254725293884',11,'CITIZEN',38,'2020-07-30 11:20:54'),(218,2,'254725293884',10,'Listened to radio',38,'2020-07-30 11:21:04'),(219,2,'254725293884',11,'RAMOGI',38,'2020-07-30 11:21:12'),(220,2,'254725293884',10,'Visited an online site.',38,'2020-07-30 11:21:32'),(221,2,'254725293884',15,'WhatsApp',38,'2020-07-30 11:21:38'),(222,2,'254725293884',16,'30 - 60 mins.',38,'2020-07-30 11:21:48'),(223,2,'254707630747',10,'Listened to radio',40,'2020-07-31 06:24:17'),(224,2,'254707630747',11,'CLASSIC FM',40,'2020-07-31 06:24:25'),(225,2,'254707630747',10,'Visited an online site.',40,'2020-07-31 06:24:33'),(226,2,'254707630747',15,'WhatsApp',40,'2020-07-31 06:24:36'),(227,2,'254707630747',16,'10 - 30 mins.',39,'2020-07-31 06:24:39'),(228,2,'254707630747',10,'Listened to radio',41,'2020-07-31 10:16:12'),(229,2,'254707630747',11,'KTN',53,'2020-07-31 10:16:19'),(230,2,'254707630747',11,'Capitalw',42,'2020-07-31 11:37:44'),(232,2,'254707630747',11,'Capital',44,'2020-07-31 12:15:35'),(233,2,'254707630747',10,'Listened to radio',45,'2020-07-31 12:21:51'),(234,2,'254707630747',11,'KBC',46,'2020-07-31 12:21:58'),(278,2,'254707630747',10,'Listened to radio',88,'2020-08-01 14:56:07'),(279,2,'254707630747',11,'HBR',88,'2020-08-01 14:56:13'),(280,2,'254707630747',10,'Watched TV',88,'2020-08-01 14:56:24'),(281,2,'254707630747',12,'KTN NEWS',88,'2020-08-01 14:56:31'),(282,2,'254707630747',10,'Listened to radio',89,'2020-08-01 14:57:02'),(283,2,'254707630747',11,'KBC',89,'2020-08-01 14:57:07'),(284,2,'254707630747',10,'Read a newspaper',89,'2020-08-01 14:57:15'),(285,2,'254707630747',13,'The Standard',89,'2020-08-01 14:57:18'),(286,2,'254707630747',14,'Headlines',89,'2020-08-01 14:57:23'),(287,2,'254707630747',10,'Listened to radio',90,'2020-08-01 14:58:21'),(288,2,'254707630747',11,'HBR',90,'2020-08-01 14:58:32'),(289,2,'254707630747',10,'Watched TV',90,'2020-08-01 14:58:39'),(290,2,'254707630747',12,'SWITCH TV',90,'2020-08-01 14:58:46'),(291,2,'254707630747',10,'Visited an online site.',90,'2020-08-01 14:59:02'),(292,2,'254707630747',15,'WhatsApp',90,'2020-08-01 14:59:05'),(293,2,'254707630747',16,'Less than 10 mins.',90,'2020-08-01 14:59:09'),(294,2,'254707630747',18,'TWITTER',90,'2020-08-01 14:59:15'),(295,2,'254707630747',10,'Listened to radio',91,'2020-08-01 15:03:52'),(296,2,'254707630747',11,'HBR',91,'2020-08-01 15:04:01'),(297,2,'254707630747',10,'Listened to radio',92,'2020-08-01 15:05:10'),(298,2,'254707630747',11,'KBC',92,'2020-08-01 15:05:15'),(299,2,'254707630747',10,'Listened to radio',92,'2020-08-01 15:05:26'),(300,2,'254707630747',11,'CITIZEN',92,'2020-08-01 15:05:37'),(301,2,'254707630747',10,'Listened to radio',93,'2020-08-01 15:10:52'),(302,2,'254707630747',11,'HBR',93,'2020-08-01 15:11:01'),(303,2,'254707630747',10,'Listened to radio',94,'2020-08-01 15:11:25'),(304,2,'254707630747',11,'47FM',94,'2020-08-01 15:11:34'),(305,2,'254707630747',10,'Watched TV',94,'2020-08-01 15:11:45'),(306,2,'254707630747',12,'KTN',94,'2020-08-01 15:11:49'),(307,2,'254707630747',10,'Listened to radio',95,'2020-08-01 15:12:26'),(308,2,'254707630747',11,'KTN',95,'2020-08-01 15:12:32'),(309,2,'254707630747',10,'Listened to radio',96,'2020-08-01 15:13:51'),(310,2,'254707630747',11,'KBC',96,'2020-08-01 15:13:55'),(311,2,'254707630747',10,'Listened to radio',97,'2020-08-01 15:15:05'),(312,2,'254707630747',11,'HOT 96',97,'2020-08-01 15:15:11'),(313,2,'254707630747',10,'Listened to radio',98,'2020-08-01 15:15:32'),(314,2,'254707630747',11,'KBC',98,'2020-08-01 15:15:37'),(315,2,'254707630747',10,'Listened to radio',99,'2020-08-01 15:16:07'),(316,2,'254707630747',11,'KBC',99,'2020-08-01 15:16:11'),(317,2,'254707630747',10,'Listened to radio',99,'2020-08-01 15:17:03'),(318,2,'254707630747',11,'KBC3',99,'2020-08-01 15:17:08'),(319,2,'254707630747',10,'Watched TV',104,'2020-08-01 15:17:14'),(320,2,'254707630747',12,'KBC TV',103,'2020-08-01 15:17:20'),(321,2,'254707630747',10,'Listened to radio',102,'2020-08-02 11:48:21'),(322,2,'254707630747',11,'KBC',102,'2020-08-02 11:48:25'),(329,2,'254725293884',10,'Listened to radio',114,'2020-08-03 06:34:10'),(330,2,'254725293884',11,'MILELE',114,'2020-08-03 06:34:17'),(331,2,'254725293884',10,'Listened to radio',115,'2020-08-03 07:05:32'),(332,2,'254725293884',11,'MILELE',115,'2020-08-03 07:05:38'),(333,2,'254725293884',10,'Visited an online site.',115,'2020-08-03 07:05:59'),(334,2,'254725293884',15,'Facebook',115,'2020-08-03 07:06:07'),(335,2,'254725293884',16,'10 - 30 mins.',115,'2020-08-03 07:06:14'),(336,2,'254725293884',10,'Watched TV',116,'2020-08-03 07:33:03'),(337,2,'254725293884',12,'NTV',116,'2020-08-03 07:33:08'),(338,2,'254725293884',10,'Visited an online site.',116,'2020-08-03 07:33:30'),(339,2,'254725293884',15,'WhatsApp',116,'2020-08-03 07:33:35'),(340,2,'254725293884',16,'10 - 30 mins.',116,'2020-08-03 07:33:41'),(341,2,'254725293884',10,'Listened to radio',117,'2020-08-03 08:19:49'),(342,2,'254725293884',11,'MILELE',117,'2020-08-03 08:19:55'),(343,2,'254725293884',10,'Visited an online site.',117,'2020-08-03 08:20:08'),(344,2,'254725293884',15,'WhatsApp',117,'2020-08-03 08:20:13'),(345,2,'254725293884',16,'10 - 30 mins.',117,'2020-08-03 08:20:21'),(346,2,'254725293884',10,'Listened to radio',118,'2020-08-03 09:31:01'),(347,2,'254725293884',11,'MILELE',118,'2020-08-03 09:31:07'),(348,2,'254725293884',10,'Visited an online site.',118,'2020-08-03 09:31:18'),(349,2,'254725293884',15,'WhatsApp',118,'2020-08-03 09:31:22'),(350,2,'254725293884',16,'10 - 30 mins.',118,'2020-08-03 09:31:32'),(351,2,'254725293884',10,'Listened to radio',119,'2020-08-03 09:32:08'),(352,2,'254725293884',11,'MILELE',119,'2020-08-03 09:32:13'),(353,2,'254725293884',10,'Visited an online site.',119,'2020-08-03 09:32:25'),(354,2,'254725293884',15,'Facebook',119,'2020-08-03 09:32:31'),(355,2,'254725293884',16,'Less than 10 mins.',119,'2020-08-03 09:32:37'),(356,2,'254725293884',10,'Listened to radio',134,'2020-08-04 05:30:45'),(357,2,'254725293884',11,'RAMOGI',134,'2020-08-04 05:30:54'),(358,2,'254725293884',10,'Listened to radio',135,'2020-08-04 05:31:31'),(359,2,'254725293884',11,'RAMOGI',135,'2020-08-04 05:31:48'),(360,2,'254725293884',10,'Visited an online site.',135,'2020-08-04 05:31:59'),(361,2,'254725293884',15,'WhatsApp',135,'2020-08-04 05:32:05'),(362,2,'254725293884',16,'10 - 30 mins.',135,'2020-08-04 05:32:10'),(363,2,'254725293884',10,'Listened to radio',136,'2020-08-04 05:32:52'),(364,2,'254725293884',11,'RAMOGI',136,'2020-08-04 05:33:03'),(365,2,'254725293884',10,'Visited an online site.',136,'2020-08-04 05:33:16'),(366,2,'254725293884',15,'Facebook',136,'2020-08-04 05:33:25'),(367,2,'254725293884',16,'30 - 60 mins.',136,'2020-08-04 05:33:34'),(368,2,'254725293884',10,'Listened to radio',137,'2020-08-04 06:03:14'),(369,2,'254725293884',11,'RAMOGI',137,'2020-08-04 06:03:26'),(370,2,'254725293884',10,'Visited an online site.',137,'2020-08-04 06:03:37'),(371,2,'254725293884',15,'WhatsApp',137,'2020-08-04 06:03:43'),(372,2,'254725293884',16,'10 - 30 mins.',137,'2020-08-04 06:03:47'),(373,2,'254725293884',10,'Listened to radio',138,'2020-08-04 06:39:39'),(374,2,'254725293884',11,'RAMOGI',138,'2020-08-04 06:39:47'),(375,2,'254725293884',10,'Visited an online site.',138,'2020-08-04 06:39:57'),(376,2,'254725293884',15,'WhatsApp',138,'2020-08-04 06:40:02'),(377,2,'254725293884',16,'10 - 30 mins.',138,'2020-08-04 06:40:07'),(378,2,'254725293884',10,'Listened to radio',139,'2020-08-04 07:00:43'),(379,2,'254725293884',11,'RAMOGI',139,'2020-08-04 07:00:54'),(380,2,'254725293884',10,'Visited an online site.',139,'2020-08-04 07:01:06'),(381,2,'254725293884',15,'WhatsApp',139,'2020-08-04 07:01:10'),(382,2,'254725293884',16,'10 - 30 mins.',139,'2020-08-04 07:01:14'),(383,2,'254725293884',10,'Listened to radio',140,'2020-08-04 07:32:29'),(384,2,'254725293884',11,'RAMOGI',140,'2020-08-04 07:32:36'),(385,2,'254725293884',10,'Visited an online site.',140,'2020-08-04 07:32:46'),(386,2,'254725293884',15,'WhatsApp',140,'2020-08-04 07:32:49'),(387,2,'254725293884',16,'Less than 10 mins.',140,'2020-08-04 07:32:53'),(388,2,'254725293884',10,'Listened to radio',141,'2020-08-04 08:10:20'),(389,2,'254725293884',11,'RAMOGI',141,'2020-08-04 08:10:29'),(390,2,'254725293884',10,'Visited an online site.',141,'2020-08-04 08:10:37'),(391,2,'254725293884',15,'WhatsApp',141,'2020-08-04 08:10:41'),(392,2,'254725293884',16,'10 - 30 mins.',141,'2020-08-04 08:10:45'),(393,2,'254725293884',10,'Listened to radio',142,'2020-08-04 09:45:02'),(394,2,'254725293884',11,'RAMOGI',142,'2020-08-04 09:45:11'),(395,2,'254725293884',10,'Listened to radio',143,'2020-08-04 09:45:44'),(396,2,'254725293884',11,'RAMOGI',143,'2020-08-04 09:45:53'),(397,2,'254725293884',10,'Visited an online site.',143,'2020-08-04 09:46:04'),(398,2,'254725293884',15,'WhatsApp',143,'2020-08-04 09:46:08'),(399,2,'254725293884',16,'Less than 10 mins.',143,'2020-08-04 09:46:12'),(400,2,'254725293884',18,'FACEBOOK',143,'2020-08-04 09:46:25'),(401,2,'254725293884',10,'Listened to radio',144,'2020-08-04 09:46:42'),(402,2,'254725293884',11,'RAMOGI',144,'2020-08-04 09:46:49'),(403,2,'254725293884',10,'Visited an online site.',144,'2020-08-04 09:47:02'),(404,2,'254725293884',15,'WhatsApp',144,'2020-08-04 09:47:06'),(405,2,'254725293884',16,'10 - 30 mins.',144,'2020-08-04 09:47:10'),(406,2,'254725293884',10,'Listened to radio',145,'2020-08-04 10:00:46'),(407,2,'254725293884',11,'RAMOGI',145,'2020-08-04 10:00:55'),(408,2,'254725293884',10,'Visited an online site.',145,'2020-08-04 10:01:07'),(409,2,'254725293884',15,'WhatsApp',145,'2020-08-04 10:01:11'),(410,2,'254725293884',16,'Less than 10 mins.',145,'2020-08-04 10:01:15'),(411,2,'254707630747',10,'Listened to radio',134,'2020-08-04 12:18:04'),(412,2,'254707630747',11,'HBR',134,'2020-08-04 12:18:10'),(413,2,'254707630747',10,'Visited an online site.',134,'2020-08-04 12:18:18'),(414,2,'254707630747',15,'WhatsApp',134,'2020-08-04 12:18:22'),(415,2,'254707630747',16,'10 - 30 mins.',134,'2020-08-04 12:18:26');
/*!40000 ALTER TABLE `responses` ENABLE KEYS */;
UNLOCK TABLES;

--
-- Table structure for table `survey_sessions`
--

DROP TABLE IF EXISTS `survey_sessions`;
/*!40101 SET @saved_cs_client     = @@character_set_client */;
/*!40101 SET character_set_client = utf8 */;
CREATE TABLE `survey_sessions` (
  `id` int(11) NOT NULL AUTO_INCREMENT,
  `survey_id` int(30) NOT NULL,
  `session_name` varchar(30) NOT NULL,
  `start_time` datetime DEFAULT NULL,
  `status` tinyint(1) NOT NULL DEFAULT '1',
  `inserted_at` timestamp NOT NULL DEFAULT CURRENT_TIMESTAMP,
  PRIMARY KEY (`id`),
  KEY `survey_id` (`survey_id`),
  CONSTRAINT `survey_sessions_ibfk_1` FOREIGN KEY (`survey_id`) REFERENCES `surveys` (`id`) ON DELETE CASCADE
) ENGINE=InnoDB AUTO_INCREMENT=151 DEFAULT CHARSET=latin1;
/*!40101 SET character_set_client = @saved_cs_client */;

--
-- Dumping data for table `survey_sessions`
--

LOCK TABLES `survey_sessions` WRITE;
/*!40000 ALTER TABLE `survey_sessions` DISABLE KEYS */;
INSERT INTO `survey_sessions` VALUES (1,2,'KARF','2020-07-13 09:06:00',0,'0000-00-00 00:00:00'),(3,2,'09:21:01','2020-07-13 09:36:00',0,'2020-07-13 06:21:01'),(5,2,'09:51:01','2020-07-13 09:57:00',0,'2020-07-13 06:51:01'),(7,2,'10:12:01','2020-07-13 10:27:00',0,'2020-07-13 07:12:01'),(9,2,'10:42:01','2020-07-13 10:57:00',0,'2020-07-13 07:42:01'),(10,2,'10:57:01','2020-07-13 11:12:00',0,'2020-07-13 07:57:01'),(11,2,'11:12:01','2020-07-13 11:27:00',0,'2020-07-13 08:12:01'),(12,2,'11:27:01','2020-07-13 11:42:00',0,'2020-07-13 08:27:01'),(13,2,'11:42:01','2020-07-13 14:45:00',0,'2020-07-13 08:42:01'),(14,2,'14:45:01','2020-07-13 15:45:00',0,'2020-07-13 11:45:01'),(15,2,'15:45:01','2020-07-14 10:15:00',0,'2020-07-13 12:45:01'),(16,2,'10:15:01','2020-07-14 10:35:00',0,'2020-07-14 07:15:01'),(17,2,'10:35:01','2020-07-14 14:35:00',0,'2020-07-14 07:35:01'),(18,2,'14:35:01','2020-07-14 18:35:00',0,'2020-07-14 11:35:01'),(19,2,'18:35:01','2020-07-16 11:30:00',0,'2020-07-14 15:35:01'),(20,2,'11:30:01','2020-07-16 15:30:00',0,'2020-07-16 08:30:01'),(21,2,'15:30:01','2020-07-21 09:00:00',0,'2020-07-16 12:30:01'),(22,2,'09:00:01','2020-07-21 13:00:00',0,'2020-07-21 06:00:01'),(23,2,'13:00:01','2020-07-21 17:00:00',0,'2020-07-21 10:00:01'),(24,2,'17:00:01','2020-07-22 11:15:00',0,'2020-07-21 14:00:01'),(25,2,'11:15:01','2020-07-22 15:15:00',0,'2020-07-22 08:15:01'),(26,2,'15:15:01','2020-07-24 09:15:00',0,'2020-07-22 12:15:01'),(27,2,'13:15:01','2020-07-23 17:15:00',0,'2020-07-23 10:15:01'),(28,2,'17:15:01','2020-07-24 12:30:00',0,'2020-07-23 14:15:01'),(29,2,'12:30:02','2020-07-24 15:55:00',0,'2020-07-24 09:30:02'),(30,2,'15:55:01','2020-07-24 16:30:00',0,'2020-07-24 12:55:01'),(31,2,'16:30:01','2020-07-24 17:00:00',0,'2020-07-24 13:30:01'),(32,2,'17:00:01','2020-07-27 10:30:00',0,'2020-07-24 14:00:01'),(33,2,'10:30:01','2020-07-27 13:30:00',0,'2020-07-27 07:30:01'),(34,2,'13:30:02','2020-07-27 16:30:00',0,'2020-07-27 10:30:02'),(35,2,'16:30:02','2020-07-28 11:00:00',0,'2020-07-27 13:30:02'),(36,2,'11:00:01','2020-07-28 14:00:00',0,'2020-07-28 08:00:01'),(37,2,'14:00:01','2020-07-28 17:00:00',0,'2020-07-28 11:00:01'),(38,2,'09:00:01','2020-07-31 09:05:00',0,'2020-07-28 14:00:01'),(39,2,'09:05:01','2020-07-31 09:15:00',0,'2020-07-31 06:05:01'),(40,2,'09:15:01','2020-07-31 11:15:00',0,'2020-07-31 06:15:01'),(41,2,'11:15:01','2020-07-31 11:25:00',0,'2020-07-31 08:15:01'),(42,2,'11:25:01','2020-07-31 11:35:00',0,'2020-07-31 08:25:01'),(43,2,'11:35:01','2020-07-31 11:45:00',0,'2020-07-31 08:35:01'),(44,2,'11:45:01','2020-07-31 11:55:00',0,'2020-07-31 08:45:01'),(45,2,'11:55:01','2020-07-31 12:05:00',0,'2020-07-31 08:55:01'),(46,2,'12:05:01','2020-07-31 12:15:00',0,'2020-07-31 09:05:02'),(47,2,'12:15:01','2020-07-31 12:25:00',0,'2020-07-31 09:15:01'),(48,2,'12:25:01','2020-07-31 12:35:00',0,'2020-07-31 09:25:01'),(49,2,'12:35:01','2020-07-31 12:45:00',0,'2020-07-31 09:35:01'),(50,2,'12:45:01','2020-07-31 12:55:00',0,'2020-07-31 09:45:01'),(51,2,'12:55:01','2020-07-31 13:05:00',0,'2020-07-31 09:55:01'),(52,2,'13:05:01','2020-07-31 13:15:00',0,'2020-07-31 10:05:01'),(53,2,'13:15:01','2020-07-31 13:25:00',0,'2020-07-31 10:15:01'),(54,2,'13:25:01','2020-07-31 13:35:00',0,'2020-07-31 10:25:01'),(55,2,'13:35:01','2020-07-31 13:45:00',0,'2020-07-31 10:35:01'),(56,2,'13:45:01','2020-07-31 13:55:00',0,'2020-07-31 10:45:01'),(57,2,'13:55:01','2020-07-31 14:05:00',0,'2020-07-31 10:55:01'),(58,2,'14:05:01','2020-07-31 14:15:00',0,'2020-07-31 11:05:01'),(59,2,'14:15:01','2020-07-31 14:25:00',0,'2020-07-31 11:15:01'),(60,2,'14:25:01','2020-07-31 14:35:00',0,'2020-07-31 11:25:01'),(61,2,'14:35:01','2020-07-31 14:45:00',0,'2020-07-31 11:35:01'),(62,2,'14:45:01','2020-07-31 14:55:00',0,'2020-07-31 11:45:01'),(63,2,'14:55:01','2020-07-31 15:05:00',0,'2020-07-31 11:55:01'),(64,2,'15:05:01','2020-07-31 15:15:00',0,'2020-07-31 12:05:01'),(65,2,'15:15:01','2020-07-31 15:25:00',0,'2020-07-31 12:15:01'),(66,2,'15:25:01','2020-07-31 15:35:00',0,'2020-07-31 12:25:01'),(67,2,'15:35:01','2020-07-31 15:45:00',0,'2020-07-31 12:35:01'),(68,2,'15:45:01','2020-07-31 15:55:00',0,'2020-07-31 12:45:01'),(69,2,'15:55:01','2020-07-31 16:05:00',0,'2020-07-31 12:55:01'),(70,2,'16:05:01','2020-07-31 16:15:00',0,'2020-07-31 13:05:01'),(71,2,'16:15:01','2020-07-31 16:25:00',0,'2020-07-31 13:15:01'),(72,2,'16:25:01','2020-07-31 16:35:00',0,'2020-07-31 13:25:01'),(73,2,'16:35:01','2020-07-31 16:45:00',0,'2020-07-31 13:35:01'),(74,2,'16:45:01','2020-07-31 16:55:00',0,'2020-07-31 13:45:01'),(75,2,'16:55:01','2020-07-31 17:05:00',0,'2020-07-31 13:55:01'),(76,2,'17:05:01','2020-07-31 17:15:00',0,'2020-07-31 14:05:01'),(77,2,'17:15:01','2020-07-31 17:25:00',0,'2020-07-31 14:15:01'),(78,2,'17:25:01','2020-07-31 17:35:00',0,'2020-07-31 14:25:01'),(79,2,'17:35:01','2020-07-31 17:45:00',0,'2020-07-31 14:35:01'),(80,2,'17:45:01','2020-07-31 17:55:00',0,'2020-07-31 14:45:01'),(81,2,'17:55:01','2020-07-31 18:05:00',0,'2020-07-31 14:55:01'),(82,2,'18:05:01','2020-07-31 18:15:00',0,'2020-07-31 15:05:01'),(83,2,'18:15:01','2020-07-31 18:25:00',0,'2020-07-31 15:15:01'),(84,2,'18:25:01','2020-07-31 18:35:00',0,'2020-07-31 15:25:01'),(85,2,'18:35:01','2020-07-31 18:45:00',0,'2020-07-31 15:35:01'),(86,2,'18:45:01','2020-07-31 18:55:00',0,'2020-07-31 15:45:01'),(87,2,'18:55:01','2020-08-01 16:20:00',0,'2020-07-31 15:55:01'),(88,2,'16:20:01','2020-08-01 16:30:00',0,'2020-08-01 13:20:01'),(89,2,'16:30:01','2020-08-01 16:40:00',0,'2020-08-01 13:30:01'),(90,2,'16:40:01','2020-08-01 16:50:00',0,'2020-08-01 13:40:01'),(91,2,'16:50:01','2020-08-01 17:00:00',0,'2020-08-01 13:50:01'),(92,2,'17:00:01','2020-08-01 17:10:00',0,'2020-08-01 14:00:01'),(93,2,'17:10:01','2020-08-01 17:20:00',0,'2020-08-01 14:10:01'),(94,2,'17:20:01','2020-08-01 17:30:00',0,'2020-08-01 14:20:01'),(95,2,'17:30:01','2020-08-01 17:40:00',0,'2020-08-01 14:30:01'),(96,2,'17:40:01','2020-08-01 17:50:00',0,'2020-08-01 14:40:01'),(97,2,'17:50:02','2020-08-01 18:00:00',0,'2020-08-01 14:50:02'),(98,2,'18:00:02','2020-08-01 18:10:00',0,'2020-08-01 15:00:02'),(99,2,'18:10:01','2020-08-01 18:20:00',0,'2020-08-01 15:10:01'),(100,2,'18:20:01','2020-08-01 18:50:00',0,'2020-08-01 15:20:01'),(101,2,'13:00:01','2020-08-02 13:05:00',0,'2020-08-01 15:50:01'),(102,2,'13:05:01','2020-08-02 13:35:00',0,'2020-08-02 10:05:01'),(103,2,'13:35:01','2020-08-02 14:05:00',0,'2020-08-02 10:35:01'),(104,2,'14:05:01','2020-08-02 14:35:00',0,'2020-08-02 11:05:01'),(105,2,'14:35:01','2020-08-02 15:05:00',0,'2020-08-02 11:35:01'),(106,2,'15:05:01','2020-08-02 15:35:00',0,'2020-08-02 12:05:01'),(107,2,'15:35:01','2020-08-02 16:05:00',0,'2020-08-02 12:35:01'),(108,2,'16:05:01','2020-08-02 16:35:00',0,'2020-08-02 13:05:01'),(109,2,'16:35:01','2020-08-02 17:05:00',0,'2020-08-02 13:35:01'),(110,2,'17:05:01','2020-08-02 17:35:00',0,'2020-08-02 14:05:01'),(111,2,'17:35:01','2020-08-02 18:05:00',0,'2020-08-02 14:35:01'),(112,2,'18:05:01','2020-08-02 18:35:00',0,'2020-08-02 15:05:01'),(113,2,'18:35:01','2020-08-02 19:05:00',0,'2020-08-02 15:35:01'),(114,2,'09:00:00','2020-08-03 09:30:00',0,'2020-08-03 05:00:01'),(115,2,'09:30:01','2020-08-03 10:00:00',0,'2020-08-03 06:30:01'),(116,2,'10:00:01','2020-08-03 10:30:00',0,'2020-08-03 07:00:01'),(117,2,'10:30:01','2020-08-03 11:00:00',0,'2020-08-03 07:30:01'),(118,2,'11:00:01','2020-08-03 11:30:00',0,'2020-08-03 08:00:01'),(119,2,'11:30:01','2020-08-03 12:00:00',0,'2020-08-03 08:30:01'),(120,2,'12:00:01','2020-08-03 12:30:00',0,'2020-08-03 09:00:01'),(121,2,'12:30:01','2020-08-03 13:00:00',0,'2020-08-03 09:30:01'),(122,2,'13:00:01','2020-08-03 13:30:00',0,'2020-08-03 10:00:01'),(123,2,'13:30:01','2020-08-03 14:00:00',0,'2020-08-03 10:30:01'),(124,2,'14:00:01','2020-08-03 14:30:00',0,'2020-08-03 11:00:01'),(125,2,'14:30:02','2020-08-03 15:00:00',0,'2020-08-03 11:30:02'),(126,2,'15:00:01','2020-08-03 15:30:00',0,'2020-08-03 12:00:01'),(127,2,'15:30:02','2020-08-03 16:00:00',0,'2020-08-03 12:30:02'),(128,2,'16:00:01','2020-08-03 16:30:00',0,'2020-08-03 13:00:01'),(129,2,'16:30:02','2020-08-03 17:00:00',0,'2020-08-03 13:30:02'),(130,2,'17:00:01','2020-08-03 17:30:00',0,'2020-08-03 14:00:01'),(131,2,'17:30:01','2020-08-03 18:00:00',0,'2020-08-03 14:30:01'),(132,2,'18:00:02','2020-08-03 18:30:00',0,'2020-08-03 15:00:02'),(133,2,'18:30:01','2020-08-03 19:00:00',0,'2020-08-03 15:30:01'),(134,2,'07:00:00','2020-08-04 08:00:00',0,'2020-08-04 04:47:31'),(135,2,'06:00:00','2020-08-04 06:30:00',0,'2020-08-04 05:00:01'),(136,2,'08:00:01','2020-08-04 08:30:00',0,'2020-08-04 05:00:01'),(137,2,'08:30:01','2020-08-04 09:00:00',0,'2020-08-04 05:30:01'),(138,2,'09:00:02','2020-08-04 09:30:00',0,'2020-08-04 06:00:02'),(139,2,'09:30:01','2020-08-04 10:00:00',0,'2020-08-04 06:30:01'),(140,2,'10:00:01','2020-08-04 10:30:00',0,'2020-08-04 07:00:01'),(141,2,'10:30:01','2020-08-04 11:00:00',0,'2020-08-04 07:30:01'),(142,2,'11:00:01','2020-08-04 11:30:00',0,'2020-08-04 08:00:01'),(143,2,'11:30:01','2020-08-04 12:00:00',0,'2020-08-04 08:30:01'),(144,2,'12:00:01','2020-08-04 12:30:00',0,'2020-08-04 09:00:01'),(145,2,'12:30:01','2020-08-04 13:00:00',0,'2020-08-04 09:30:01'),(146,2,'13:00:01','2020-08-04 13:30:00',0,'2020-08-04 10:00:01'),(147,2,'13:30:01','2020-08-04 14:00:00',0,'2020-08-04 10:30:01'),(148,2,'14:00:01','2020-08-04 14:30:00',0,'2020-08-04 11:00:01'),(149,2,'14:30:01','2020-08-04 15:00:00',0,'2020-08-04 11:30:01'),(150,2,'15:00:01','2020-08-04 15:30:00',1,'2020-08-04 12:00:01');
/*!40000 ALTER TABLE `survey_sessions` ENABLE KEYS */;
UNLOCK TABLES;

--
-- Table structure for table `surveys`
--

DROP TABLE IF EXISTS `surveys`;
/*!40101 SET @saved_cs_client     = @@character_set_client */;
/*!40101 SET character_set_client = utf8 */;
CREATE TABLE `surveys` (
  `id` int(11) NOT NULL AUTO_INCREMENT,
  `survey_name` varchar(256) NOT NULL,
  `company_name` varchar(256) NOT NULL,
  `duration` varchar(20) NOT NULL DEFAULT 'morning',
  `message` varchar(200) NOT NULL,
  `contact_group` int(10) DEFAULT NULL,
  `frequency` int(10) NOT NULL,
  `is_active` tinyint(1) DEFAULT '1',
  `created_at` timestamp NOT NULL DEFAULT CURRENT_TIMESTAMP,
  PRIMARY KEY (`id`),
  KEY `fk_contact_group` (`contact_group`),
  CONSTRAINT `fk_contact_group` FOREIGN KEY (`contact_group`) REFERENCES `groups` (`id`)
) ENGINE=InnoDB AUTO_INCREMENT=6 DEFAULT CHARSET=latin1;
/*!40101 SET character_set_client = @saved_cs_client */;

--
-- Dumping data for table `surveys`
--

LOCK TABLES `surveys` WRITE;
/*!40000 ALTER TABLE `surveys` DISABLE KEYS */;
INSERT INTO `surveys` VALUES (2,'Audience Research','KARF','all-day','Hi, KARF is taking a brief Radio Audience survey. Your time taken to answer the questions is much appreciated. Dial *617*2# to take part. ',2,2,1,'2020-06-12 10:50:32'),(5,'social media usage','tiktok','morning','',NULL,0,0,'2020-06-12 15:06:33');
/*!40000 ALTER TABLE `surveys` ENABLE KEYS */;
UNLOCK TABLES;
/*!40103 SET TIME_ZONE=@OLD_TIME_ZONE */;

/*!40101 SET SQL_MODE=@OLD_SQL_MODE */;
/*!40014 SET FOREIGN_KEY_CHECKS=@OLD_FOREIGN_KEY_CHECKS */;
/*!40014 SET UNIQUE_CHECKS=@OLD_UNIQUE_CHECKS */;
/*!40101 SET CHARACTER_SET_CLIENT=@OLD_CHARACTER_SET_CLIENT */;
/*!40101 SET CHARACTER_SET_RESULTS=@OLD_CHARACTER_SET_RESULTS */;
/*!40101 SET COLLATION_CONNECTION=@OLD_COLLATION_CONNECTION */;
/*!40111 SET SQL_NOTES=@OLD_SQL_NOTES */;

-- Dump completed on 2020-08-04 15:22:59
